{"cameraMode":{"drawMode":0,"name":"Shaded","section":"Shading Mode"},"sceneLighting":true,"audioPlay":false,"sceneViewState":{"showFog":true,"showMaterialUpdate":false,"showSkybox":true,"showFlares":true,"showImageEffects":true,"showParticleSystems":true},"in2DMode":false,"pivot":{"x":-8.311915397644043,"y":-9.21309757232666,"z":-7.432954788208008},"rotation":{"x":0.016775742173194886,"y":-0.9566704630851746,"z":0.2852845788002014,"w":0.05631016194820404},"size":15.109439849853516,"orthographic":false}